<?xml version="1.0" encoding="UTF-8"?>
<project-private xmlns="http://www.netbeans.org/ns/project-private/1">
    <editor-bookmarks xmlns="http://www.netbeans.org/ns/editor-bookmarks/2" lastBookmarkId="0"/>
    <open-files xmlns="http://www.netbeans.org/ns/projectui-open-files/2">
        <group>
            <file>file:/C:/Users/valte/Desktop/Meus%20Programas/JavaApplication1/src/Banco/MenuPrincipal.java</file>
            <file>file:/C:/Users/valte/Desktop/Meus%20Programas/JavaApplication1/src/Banco/realizarSaque.java</file>
            <file>file:/C:/Users/valte/Desktop/Meus%20Programas/JavaApplication1/src/Banco/Login.java</file>
            <file>file:/C:/Users/valte/Desktop/Meus%20Programas/JavaApplication1/src/Banco/realizarDeposito.java</file>
            <file>file:/C:/Users/valte/Desktop/Meus%20Programas/JavaApplication1/src/Banco/realizarEmprestimo.java</file>
        </group>
    </open-files>
</project-private>
